<?xml version="1.0" encoding="utf-8"?>
<nodeList xmlns:its="http://www.w3.org/2005/11/its"
          xmlns:datc="http://example.com/datacats">
   <nodeList datacat="ruby">
      <node path="/text" outputType="no-value">
         <output/>
      </node>
      <node path="/text/head[1]" outputType="no-value">
         <output/>
      </node>
      <node path="/text/head[1]/its:rules[1]" outputType="no-value">
         <output/>
      </node>
      <node path="/text/head[1]/its:rules[1]/@version" outputType="no-value">
         <output/>
      </node>
      <node path="/text/head[1]/its:rules[1]/@xlink:href" outputType="no-value">
         <output/>
      </node>
      <node path="/text/head[1]/its:rules[1]/@xlink:type" outputType="no-value">
         <output/>
      </node>
      <node path="/text/head[1]/its:rules[1]/its:rubyRule[1]" outputType="no-value">
         <output/>
      </node>
      <node path="/text/head[1]/its:rules[1]/its:rubyRule[1]/@selector"
            outputType="no-value">
         <output/>
      </node>
      <node path="/text/head[1]/its:rules[1]/its:rubyRule[1]/its:rubyText[1]"
            outputType="no-value">
         <output/>
      </node>
      <node path="/text/body[1]" outputType="no-value">
         <output/>
      </node>
      <node path="/text/body[1]/img[1]" outputType="no-value">
         <output/>
      </node>
      <node path="/text/body[1]/img[1]/@src" outputType="no-value">
         <output/>
      </node>
      <node path="/text/body[1]/img[1]/@alt" outputType="new-value-global">
         <output xmlns:xlink="http://www.w3.org/1999/xlink">
            <its:rubyText>TBD</its:rubyText>
         </output>
      </node>
   </nodeList>
</nodeList>
