<?xml version="1.0" encoding="utf-8"?>
<nodeList xmlns:its="http://www.w3.org/2005/11/its"
          xmlns:datc="http://example.com/datacats">
   <nodeList datacat="terminology">
      <node path="/html" outputType="default-value">
         <output its:term="no"/>
      </node>
      <node path="/html/head[1]" outputType="default-value">
         <output its:term="no"/>
      </node>
      <node path="/html/head[1]/link[1]" outputType="default-value">
         <output its:term="no"/>
      </node>
      <node path="/html/head[1]/link[1]/@href" outputType="default-value">
         <output its:term="no"/>
      </node>
      <node path="/html/head[1]/link[1]/@rel" outputType="default-value">
         <output its:term="no"/>
      </node>
      <node path="/html/head[1]/title[1]" outputType="default-value">
         <output its:term="no"/>
      </node>
      <node path="/html/body[1]" outputType="default-value">
         <output its:term="no"/>
      </node>
      <node path="/html/body[1]/p[1]" outputType="default-value">
         <output its:term="no"/>
      </node>
      <node path="/html/body[1]/p[1]/em[1]" outputType="new-value-global">
         <output term="yes">
            <termInfoPointer>
               <dfn id="definitions">the relationship, expressed through discourse structure, between the implied author or some other addresser, and the fiction</dfn>
            </termInfoPointer>
         </output>
      </node>
      <node path="/html/body[1]/p[1]/em[1]/@id" outputType="default-value">
         <output its:term="no"/>
      </node>
      <node path="/html/body[1]/p[1]/dfn[1]" outputType="default-value">
         <output its:term="no"/>
      </node>
      <node path="/html/body[1]/p[1]/dfn[1]/@id" outputType="default-value">
         <output its:term="no"/>
      </node>
      <node path="/html/body[1]/p[2]" outputType="default-value">
         <output its:term="no"/>
      </node>
      <node path="/html/body[1]/p[2]/em[1]" outputType="new-value-global">
         <output term="yes">
            <termInfoPointer>
               <dfn id="refdef">a radiant or resplendent quality or state</dfn>
            </termInfoPointer>
         </output>
      </node>
      <node path="/html/body[1]/p[2]/em[1]/@id" outputType="default-value">
         <output its:term="no"/>
      </node>
      <node path="/html/body[1]/p[2]/dfn[1]" outputType="default-value">
         <output its:term="no"/>
      </node>
      <node path="/html/body[1]/p[2]/dfn[1]/@id" outputType="default-value">
         <output its:term="no"/>
      </node>
      <node path="/html/body[1]/p[3]" outputType="default-value">
         <output its:term="no"/>
      </node>
      <node path="/html/body[1]/p[3]/em[1]" outputType="new-value-global">
         <output term="no">
            <termInfoPointer/>
         </output>
      </node>
      <node path="/html/body[1]/p[3]/em[1]/@id" outputType="default-value">
         <output its:term="no"/>
      </node>
   </nodeList>
</nodeList>
