<?xml version="1.0" encoding="utf-8"?>
<nodeList xmlns:its="http://www.w3.org/2005/11/its"
          xmlns:datc="http://example.com/datacats">
   <nodeList datacat="localizationnote">
      <node path="/myRes" outputType="default-value">
         <output/>
      </node>
      <node path="/myRes/head[1]" outputType="default-value">
         <output/>
      </node>
      <node path="/myRes/head[1]/its:rules[1]" outputType="default-value">
         <output/>
      </node>
      <node path="/myRes/head[1]/its:rules[1]/@version" outputType="default-value">
         <output/>
      </node>
      <node path="/myRes/head[1]/its:rules[1]/its:locNoteRule[1]"
            outputType="default-value">
         <output/>
      </node>
      <node path="/myRes/head[1]/its:rules[1]/its:locNoteRule[1]/@locNoteType"
            outputType="default-value">
         <output/>
      </node>
      <node path="/myRes/head[1]/its:rules[1]/its:locNoteRule[1]/@selector"
            outputType="default-value">
         <output/>
      </node>
      <node path="/myRes/head[1]/its:rules[1]/its:locNoteRule[1]/@locNoteRef"
            outputType="default-value">
         <output/>
      </node>
      <node path="/myRes/body[1]" outputType="default-value">
         <output/>
      </node>
      <node path="/myRes/body[1]/msg[1]" outputType="new-value-global">
         <output locNoteType="description" locNoteRef="ErrorsInfo.html/#NotFound"/>
      </node>
      <node path="/myRes/body[1]/msg[1]/@id" outputType="default-value">
         <output/>
      </node>
   </nodeList>
</nodeList>
