<?xml version="1.0" encoding="utf-8"?>
<nodeList xmlns:its="http://www.w3.org/2005/11/its"
          xmlns:datc="http://example.com/datacats">
   <nodeList datacat="localizationnote">
      <node path="/Res" outputType="default-value">
         <output/>
      </node>
      <node path="/Res/@its:version" outputType="default-value">
         <output/>
      </node>
      <node path="/Res/body[1]" outputType="new-value-local">
         <output its:locNote="The variable {0} is the name of the host."/>
      </node>
      <node path="/Res/body[1]/@its:locNote" outputType="default-value">
         <output/>
      </node>
      <node path="/Res/body[1]/msg[1]" outputType="inherited">
         <output its:locNote="The variable {0} is the name of the host."/>
      </node>
      <node path="/Res/body[1]/msg[1]/@id" outputType="default-value">
         <output/>
      </node>
      <node path="/Res/body[1]/msg[1]/data[1]" outputType="inherited">
         <output its:locNote="The variable {0} is the name of the host."/>
      </node>
      <node path="/Res/body[1]/msg[2]" outputType="inherited">
         <output its:locNote="The variable {0} is the name of the host."/>
      </node>
      <node path="/Res/body[1]/msg[2]/@id" outputType="default-value">
         <output/>
      </node>
      <node path="/Res/body[1]/msg[2]/data[1]" outputType="inherited">
         <output its:locNote="The variable {0} is the name of the host."/>
      </node>
      <node path="/Res/body[1]/msg[3]" outputType="inherited">
         <output its:locNote="The variable {0} is the name of the host."/>
      </node>
      <node path="/Res/body[1]/msg[3]/@id" outputType="default-value">
         <output/>
      </node>
      <node path="/Res/body[1]/msg[3]/data[1]" outputType="new-value-local">
         <output its:locNote="{0} is a filename" its:locNoteType="alert"/>
      </node>
      <node path="/Res/body[1]/msg[3]/data[1]/@its:locNote"
            outputType="default-value">
         <output/>
      </node>
      <node path="/Res/body[1]/msg[3]/data[1]/@its:locNoteType"
            outputType="default-value">
         <output/>
      </node>
      <node path="/Res/body[1]/msg[4]" outputType="inherited">
         <output its:locNote="The variable {0} is the name of the host."/>
      </node>
      <node path="/Res/body[1]/msg[4]/@id" outputType="default-value">
         <output/>
      </node>
      <node path="/Res/body[1]/msg[4]/data[1]" outputType="new-value-local">
         <output its:locNoteRef="myLocNotes.htm#CannotLog" its:locNoteType="alert"/>
      </node>
      <node path="/Res/body[1]/msg[4]/data[1]/@its:locNoteRef"
            outputType="default-value">
         <output/>
      </node>
      <node path="/Res/body[1]/msg[4]/data[1]/@its:locNoteType"
            outputType="default-value">
         <output/>
      </node>
   </nodeList>
</nodeList>
