<?xml version="1.0" encoding="utf-8"?>
<nodeList xmlns:its="http://www.w3.org/2005/11/its"
          xmlns:datc="http://example.com/datacats">
   <nodeList datacat="translate">
      <node path="/doc" outputType="new-value-global">
         <output translate="no"/>
      </node>
      <node path="/doc/@its:version" outputType="default-value">
         <output its:translate="no"/>
      </node>
      <node path="/doc/head[1]" outputType="new-value-global">
         <output translate="no"/>
      </node>
      <node path="/doc/head[1]/its:rules[1]" outputType="new-value-global">
         <output translate="no"/>
      </node>
      <node path="/doc/head[1]/its:rules[1]/@version" outputType="default-value">
         <output its:translate="no"/>
      </node>
      <node path="/doc/head[1]/its:rules[1]/its:translateRule[1]"
            outputType="new-value-global">
         <output translate="no"/>
      </node>
      <node path="/doc/head[1]/its:rules[1]/its:translateRule[1]/@selector"
            outputType="default-value">
         <output its:translate="no"/>
      </node>
      <node path="/doc/head[1]/its:rules[1]/its:translateRule[1]/@translate"
            outputType="default-value">
         <output its:translate="no"/>
      </node>
      <node path="/doc/head[1]/its:rules[1]/its:translateRule[2]"
            outputType="new-value-global">
         <output translate="no"/>
      </node>
      <node path="/doc/head[1]/its:rules[1]/its:translateRule[2]/@selector"
            outputType="default-value">
         <output its:translate="no"/>
      </node>
      <node path="/doc/head[1]/its:rules[1]/its:translateRule[2]/@translate"
            outputType="default-value">
         <output its:translate="no"/>
      </node>
      <node path="/doc/info[1]" outputType="new-value-global">
         <output translate="no"/>
      </node>
      <node path="/doc/info[1]/item[1]" outputType="new-value-local">
         <output its:translate="yes"/>
      </node>
      <node path="/doc/info[1]/item[1]/@type" outputType="default-value">
         <output its:translate="no"/>
      </node>
      <node path="/doc/info[1]/item[1]/@its:translate" outputType="default-value">
         <output its:translate="no"/>
      </node>
      <node path="/doc/info[1]/item[1]/b[1]" outputType="new-value-global">
         <output translate="no"/>
      </node>
      <node path="/doc/info[1]/item[2]" outputType="new-value-global">
         <output translate="no"/>
      </node>
      <node path="/doc/info[1]/item[2]/@type" outputType="default-value">
         <output its:translate="no"/>
      </node>
      <node path="/doc/content[1]" outputType="new-value-global">
         <output translate="no"/>
      </node>
      <node path="/doc/content[1]/p[1]" outputType="new-value-global">
         <output translate="yes"/>
      </node>
      <node path="/doc/content[1]/p[1]/span[1]" outputType="new-value-global">
         <output translate="no"/>
      </node>
      <node path="/doc/content[1]/p[1]/span[2]" outputType="new-value-global">
         <output translate="no"/>
      </node>
   </nodeList>
</nodeList>
