<?xml version="1.0" encoding="utf-8"?>
<nodeList xmlns:its="http://www.w3.org/2005/11/its"
          xmlns:datc="http://example.com/datacats">
   <nodeList datacat="translate">
      <node path="/myMetaDoc" outputType="default-value">
         <output its:translate="yes"/>
      </node>
      <node path="/myMetaDoc/head[1]" outputType="default-value">
         <output its:translate="yes"/>
      </node>
      <node path="/myMetaDoc/head[1]/its:rules[1]" outputType="default-value">
         <output its:translate="yes"/>
      </node>
      <node path="/myMetaDoc/head[1]/its:rules[1]/@version"
            outputType="default-value">
         <output its:translate="no"/>
      </node>
      <node path="/myMetaDoc/head[1]/its:rules[1]/its:translateRule[1]"
            outputType="default-value">
         <output its:translate="yes"/>
      </node>
      <node path="/myMetaDoc/head[1]/its:rules[1]/its:translateRule[1]/@selector"
            outputType="default-value">
         <output its:translate="no"/>
      </node>
      <node path="/myMetaDoc/head[1]/its:rules[1]/its:translateRule[1]/@translate"
            outputType="default-value">
         <output its:translate="no"/>
      </node>
      <node path="/myMetaDoc/head[1]/its:rules[1]/its:translateRule[2]"
            outputType="default-value">
         <output its:translate="yes"/>
      </node>
      <node path="/myMetaDoc/head[1]/its:rules[1]/its:translateRule[2]/@selector"
            outputType="default-value">
         <output its:translate="no"/>
      </node>
      <node path="/myMetaDoc/head[1]/its:rules[1]/its:translateRule[2]/@translate"
            outputType="default-value">
         <output its:translate="no"/>
      </node>
      <node path="/myMetaDoc/head[1]/its:rules[1]/its:translateRule[3]"
            outputType="default-value">
         <output its:translate="yes"/>
      </node>
      <node path="/myMetaDoc/head[1]/its:rules[1]/its:translateRule[3]/@selector"
            outputType="default-value">
         <output its:translate="no"/>
      </node>
      <node path="/myMetaDoc/head[1]/its:rules[1]/its:translateRule[3]/@translate"
            outputType="default-value">
         <output its:translate="no"/>
      </node>
      <node path="/myMetaDoc/head[1]/its:rules[1]/its:translateRule[4]"
            outputType="default-value">
         <output its:translate="yes"/>
      </node>
      <node path="/myMetaDoc/head[1]/its:rules[1]/its:translateRule[4]/@selector"
            outputType="default-value">
         <output its:translate="no"/>
      </node>
      <node path="/myMetaDoc/head[1]/its:rules[1]/its:translateRule[4]/@translate"
            outputType="default-value">
         <output its:translate="no"/>
      </node>
      <node path="/myMetaDoc/head[1]/its:rules[1]/its:translateRule[5]"
            outputType="default-value">
         <output its:translate="yes"/>
      </node>
      <node path="/myMetaDoc/head[1]/its:rules[1]/its:translateRule[5]/@selector"
            outputType="default-value">
         <output its:translate="no"/>
      </node>
      <node path="/myMetaDoc/head[1]/its:rules[1]/its:translateRule[5]/@translate"
            outputType="default-value">
         <output its:translate="no"/>
      </node>
      <node path="/myMetaDoc/head[1]/its:rules[1]/its:withinTextRule[1]"
            outputType="default-value">
         <output its:translate="yes"/>
      </node>
      <node path="/myMetaDoc/head[1]/its:rules[1]/its:withinTextRule[1]/@selector"
            outputType="default-value">
         <output its:translate="no"/>
      </node>
      <node path="/myMetaDoc/head[1]/its:rules[1]/its:withinTextRule[1]/@withinText"
            outputType="default-value">
         <output its:translate="no"/>
      </node>
      <node path="/myMetaDoc/body[1]" outputType="default-value">
         <output its:translate="yes"/>
      </node>
      <node path="/myMetaDoc/body[1]/par[1]" outputType="default-value">
         <output its:translate="yes"/>
      </node>
      <node path="/myMetaDoc/body[1]/par[1]/img[1]" outputType="default-value">
         <output its:translate="yes"/>
      </node>
      <node path="/myMetaDoc/body[1]/par[1]/img[1]/@alt"
            outputType="new-value-global">
         <output xmlns:cml="myChineseMakupLanguage" translate="yes"/>
      </node>
      <node path="/myMetaDoc/body[1]/par[1]/img[1]/@src" outputType="default-value">
         <output its:translate="no"/>
      </node>
      <node path="/myMetaDoc/body[1]/par[2]" outputType="default-value">
         <output its:translate="yes"/>
      </node>
      <node path="/myMetaDoc/body[1]/par[2]/@id" outputType="default-value">
         <output its:translate="no"/>
      </node>
      <node path="/myMetaDoc/body[1]/par[2]/@title" outputType="new-value-global">
         <output xmlns:cml="myChineseMakupLanguage" translate="yes"/>
      </node>
      <node path="/myMetaDoc/body[1]/par[2]/verbatim[1]"
            outputType="new-value-global">
         <output xmlns:cml="myChineseMakupLanguage" translate="no"/>
      </node>
      <node path="/myMetaDoc/body[1]/par[2]/verbatim[1]/img[1]"
            outputType="inherited">
         <output xmlns:cml="myChineseMakupLanguage" translate="no"/>
      </node>
      <node path="/myMetaDoc/body[1]/par[2]/verbatim[1]/img[1]/@src"
            outputType="new-value-global">
         <output xmlns:cml="myChineseMakupLanguage" translate="no"/>
      </node>
      <node path="/myMetaDoc/body[1]/par[2]/verbatim[1]/img[1]/@alt"
            outputType="new-value-global">
         <output xmlns:cml="myChineseMakupLanguage" translate="no"/>
      </node>
      <node path="/myMetaDoc/body[1]/insert[1]" outputType="default-value">
         <output its:translate="yes"/>
      </node>
      <node path="/myMetaDoc/body[1]/insert[1]/z:书籍[1]" outputType="default-value">
         <output its:translate="yes"/>
      </node>
      <node path="/myMetaDoc/body[1]/insert[1]/z:书籍[1]/z:封面[1]"
            outputType="default-value">
         <output its:translate="yes"/>
      </node>
      <node path="/myMetaDoc/body[1]/insert[1]/z:书籍[1]/z:封面[1]/z:汇集[1]"
            outputType="default-value">
         <output its:translate="yes"/>
      </node>
      <node path="/myMetaDoc/body[1]/insert[1]/z:书籍[1]/z:封面[1]/z:标题[1]"
            outputType="default-value">
         <output its:translate="yes"/>
      </node>
      <node path="/myMetaDoc/body[1]/insert[1]/z:书籍[1]/z:封面[1]/z:作者[1]"
            outputType="new-value-global">
         <output xmlns:cml="myChineseMakupLanguage"
                 xmlns:z="myChineseMakupLanguage"
                 xmlns:i="http://www.w3.org/2005/11/its"
                 translate="no"/>
      </node>
      <node path="/myMetaDoc/body[1]/insert[1]/z:书籍[1]/z:章节[1]"
            outputType="default-value">
         <output its:translate="yes"/>
      </node>
      <node path="/myMetaDoc/body[1]/insert[1]/z:书籍[1]/z:章节[1]/@数"
            outputType="default-value">
         <output its:translate="no"/>
      </node>
      <node path="/myMetaDoc/body[1]/insert[1]/z:书籍[1]/z:章节[1]/z:头注[1]"
            outputType="default-value">
         <output its:translate="yes"/>
      </node>
      <node path="/myMetaDoc/body[1]/insert[1]/z:书籍[1]/z:章节[1]/z:段落识别[1]"
            outputType="default-value">
         <output its:translate="yes"/>
      </node>
      <node path="/myMetaDoc/body[1]/insert[1]/z:书籍[1]/z:章节[1]/z:段落识别[1]/@id"
            outputType="default-value">
         <output its:translate="no"/>
      </node>
      <node path="/myMetaDoc/body[1]/insert[1]/z:书籍[1]/z:章节[1]/z:段落识别[1]/z:姓名[1]"
            outputType="new-value-global">
         <output xmlns:cml="myChineseMakupLanguage"
                 xmlns:z="myChineseMakupLanguage"
                 xmlns:i="http://www.w3.org/2005/11/its"
                 translate="no"/>
      </node>
      <node path="/myMetaDoc/body[1]/insert[1]/z:书籍[1]/z:章节[1]/z:段落识别[1]/z:姓名[2]"
            outputType="new-value-global">
         <output xmlns:cml="myChineseMakupLanguage"
                 xmlns:z="myChineseMakupLanguage"
                 xmlns:i="http://www.w3.org/2005/11/its"
                 translate="no"/>
      </node>
      <node path="/myMetaDoc/body[1]/insert[1]/z:书籍[1]/z:躯[1]"
            outputType="default-value">
         <output its:translate="yes"/>
      </node>
      <node path="/myMetaDoc/body[1]/insert[1]/z:书籍[1]/z:躯[1]/i:rules[1]"
            outputType="default-value">
         <output its:translate="yes"/>
      </node>
      <node path="/myMetaDoc/body[1]/insert[1]/z:书籍[1]/z:躯[1]/i:rules[1]/@version"
            outputType="default-value">
         <output its:translate="no"/>
      </node>
      <node path="/myMetaDoc/body[1]/insert[1]/z:书籍[1]/z:躯[1]/i:rules[1]/i:translateRule[1]"
            outputType="default-value">
         <output its:translate="yes"/>
      </node>
      <node path="/myMetaDoc/body[1]/insert[1]/z:书籍[1]/z:躯[1]/i:rules[1]/i:translateRule[1]/@selector"
            outputType="default-value">
         <output its:translate="no"/>
      </node>
      <node path="/myMetaDoc/body[1]/insert[1]/z:书籍[1]/z:躯[1]/i:rules[1]/i:translateRule[1]/@translate"
            outputType="default-value">
         <output its:translate="no"/>
      </node>
      <node path="/myMetaDoc/body[1]/insert[1]/z:书籍[1]/z:躯[1]/i:rules[1]/i:translateRule[2]"
            outputType="default-value">
         <output its:translate="yes"/>
      </node>
      <node path="/myMetaDoc/body[1]/insert[1]/z:书籍[1]/z:躯[1]/i:rules[1]/i:translateRule[2]/@selector"
            outputType="default-value">
         <output its:translate="no"/>
      </node>
      <node path="/myMetaDoc/body[1]/insert[1]/z:书籍[1]/z:躯[1]/i:rules[1]/i:translateRule[2]/@translate"
            outputType="default-value">
         <output its:translate="no"/>
      </node>
      <node path="/myMetaDoc/body[1]/insert[1]/z:书籍[1]/z:躯[1]/i:rules[1]/i:withinTextRule[1]"
            outputType="default-value">
         <output its:translate="yes"/>
      </node>
      <node path="/myMetaDoc/body[1]/insert[1]/z:书籍[1]/z:躯[1]/i:rules[1]/i:withinTextRule[1]/@selector"
            outputType="default-value">
         <output its:translate="no"/>
      </node>
      <node path="/myMetaDoc/body[1]/insert[1]/z:书籍[1]/z:躯[1]/i:rules[1]/i:withinTextRule[1]/@withinText"
            outputType="default-value">
         <output its:translate="no"/>
      </node>
   </nodeList>
</nodeList>
