<?xml version="1.0" encoding="utf-8"?>
<nodeList xmlns:its="http://www.w3.org/2005/11/its"
          xmlns:datc="http://example.com/datacats">
   <nodeList datacat="translate">
      <node path="/topic" outputType="new-value-global">
         <output translate="no"/>
      </node>
      <node path="/topic/@id" outputType="default-value">
         <output its:translate="no"/>
      </node>
      <node path="/topic/title[1]" outputType="new-value-global">
         <output translate="no"/>
      </node>
      <node path="/topic/prolog[1]" outputType="new-value-global">
         <output translate="no"/>
      </node>
      <node path="/topic/prolog[1]/its:rules[1]" outputType="new-value-global">
         <output translate="no"/>
      </node>
      <node path="/topic/prolog[1]/its:rules[1]/@version"
            outputType="default-value">
         <output its:translate="no"/>
      </node>
      <node path="/topic/prolog[1]/its:rules[1]/its:translateRule[1]"
            outputType="new-value-global">
         <output translate="no"/>
      </node>
      <node path="/topic/prolog[1]/its:rules[1]/its:translateRule[1]/@selector"
            outputType="default-value">
         <output its:translate="no"/>
      </node>
      <node path="/topic/prolog[1]/its:rules[1]/its:translateRule[1]/@translate"
            outputType="default-value">
         <output its:translate="no"/>
      </node>
      <node path="/topic/prolog[1]/its:rules[1]/its:translateRule[2]"
            outputType="new-value-global">
         <output translate="no"/>
      </node>
      <node path="/topic/prolog[1]/its:rules[1]/its:translateRule[2]/@selector"
            outputType="default-value">
         <output its:translate="no"/>
      </node>
      <node path="/topic/prolog[1]/its:rules[1]/its:translateRule[2]/@translate"
            outputType="default-value">
         <output its:translate="no"/>
      </node>
      <node path="/topic/body[1]" outputType="new-value-global">
         <output translate="no"/>
      </node>
      <node path="/topic/body[1]/dl[1]" outputType="new-value-global">
         <output translate="no"/>
      </node>
      <node path="/topic/body[1]/dl[1]/dlentry[1]" outputType="new-value-global">
         <output translate="no"/>
      </node>
      <node path="/topic/body[1]/dl[1]/dlentry[1]/@id" outputType="default-value">
         <output its:translate="no"/>
      </node>
      <node path="/topic/body[1]/dl[1]/dlentry[1]/dt[1]"
            outputType="new-value-global">
         <output translate="no"/>
      </node>
      <node path="/topic/body[1]/dl[1]/dlentry[1]/dd[1]"
            outputType="new-value-global">
         <output translate="no"/>
      </node>
      <node path="/topic/body[1]/dl[1]/dlentry[1]/dd[1]/term[1]"
            outputType="new-value-global">
         <output translate="no"/>
      </node>
      <node path="/topic/body[1]/p[1]" outputType="new-value-global">
         <output translate="yes"/>
      </node>
      <node path="/topic/body[1]/ul[1]" outputType="new-value-global">
         <output translate="no"/>
      </node>
      <node path="/topic/body[1]/ul[1]/li[1]" outputType="new-value-global">
         <output translate="no"/>
      </node>
      <node path="/topic/body[1]/ul[1]/li[2]" outputType="new-value-global">
         <output translate="no"/>
      </node>
      <node path="/topic/body[1]/ul[1]/li[3]" outputType="new-value-global">
         <output translate="no"/>
      </node>
      <node path="/topic/body[1]/ul[1]/li[4]" outputType="new-value-global">
         <output translate="no"/>
      </node>
      <node path="/topic/body[1]/p[2]" outputType="new-value-global">
         <output translate="yes"/>
      </node>
      <node path="/topic/body[1]/p[2]/ph[1]" outputType="new-value-global">
         <output translate="no"/>
      </node>
      <node path="/topic/body[1]/p[2]/ph[1]/@xml:lang" outputType="default-value">
         <output its:translate="no"/>
      </node>
   </nodeList>
</nodeList>
