<?xml version="1.0" encoding="utf-8"?>
<nodeList xmlns:its="http://www.w3.org/2005/11/its"
          xmlns:datc="http://example.com/datacats">
   <nodeList datacat="terminology">
      <node path="/text" outputType="default-value">
         <output its:term="no"/>
      </node>
      <node path="/text/head[1]" outputType="default-value">
         <output its:term="no"/>
      </node>
      <node path="/text/head[1]/its:rules[1]" outputType="default-value">
         <output its:term="no"/>
      </node>
      <node path="/text/head[1]/its:rules[1]/@version" outputType="default-value">
         <output its:term="no"/>
      </node>
      <node path="/text/head[1]/its:rules[1]/@xlink:href"
            outputType="default-value">
         <output its:term="no"/>
      </node>
      <node path="/text/head[1]/its:rules[1]/@xlink:type"
            outputType="default-value">
         <output its:term="no"/>
      </node>
      <node path="/text/head[1]/its:rules[1]/its:termRule[1]"
            outputType="default-value">
         <output its:term="no"/>
      </node>
      <node path="/text/head[1]/its:rules[1]/its:termRule[1]/@selector"
            outputType="default-value">
         <output its:term="no"/>
      </node>
      <node path="/text/head[1]/its:rules[1]/its:termRule[1]/@term"
            outputType="default-value">
         <output its:term="no"/>
      </node>
      <node path="/text/head[1]/its:rules[1]/its:termRule[1]/@termInfoPointer"
            outputType="default-value">
         <output its:term="no"/>
      </node>
      <node path="/text/head[1]/its:rules[1]/its:termRule[2]"
            outputType="default-value">
         <output its:term="no"/>
      </node>
      <node path="/text/head[1]/its:rules[1]/its:termRule[2]/@selector"
            outputType="default-value">
         <output its:term="no"/>
      </node>
      <node path="/text/head[1]/its:rules[1]/its:termRule[2]/@term"
            outputType="default-value">
         <output its:term="no"/>
      </node>
      <node path="/text/head[1]/keywords[1]" outputType="default-value">
         <output its:term="no"/>
      </node>
      <node path="/text/head[1]/keywords[1]/kw[1]" outputType="new-value-global">
         <output term="yes"/>
      </node>
      <node path="/text/head[1]/keywords[1]/kw[2]" outputType="new-value-global">
         <output term="yes"/>
      </node>
      <node path="/text/head[1]/keywords[1]/kw[2]/kw[1]"
            outputType="new-value-global">
         <output term="yes"/>
      </node>
      <node path="/text/p[1]" outputType="default-value">
         <output its:term="no"/>
      </node>
      <node path="/text/p[1]/term[1]" outputType="new-value-global">
         <output term="yes">
            <termInfoPointer>
               <def>
the relationship, expressed through discourse structure, between the implied author or some other addresser, and the fiction
</def>
            </termInfoPointer>
         </output>
      </node>
      <node path="/text/p[1]/def[1]" outputType="default-value">
         <output its:term="no"/>
      </node>
      <node path="/text/p[2]" outputType="default-value">
         <output its:term="no"/>
      </node>
      <node path="/text/p[2]/term[1]" outputType="new-value-global">
         <output xmlns:xlink="http://www.w3.org/1999/xlink" term="yes">
            <termInfoPointer>
               <gloss id="refdef">a radiant or resplendent quality or state.</gloss>
            </termInfoPointer>
         </output>
      </node>
      <node path="/text/p[2]/gloss[1]" outputType="default-value">
         <output its:term="no"/>
      </node>
      <node path="/text/p[2]/gloss[1]/@id" outputType="default-value">
         <output its:term="no"/>
      </node>
      <node path="/text/p[3]" outputType="default-value">
         <output its:term="no"/>
      </node>
      <node path="/text/p[3]/term[1]" outputType="new-value-global">
         <output xmlns:xlink="http://www.w3.org/1999/xlink" term="no"/>
      </node>
   </nodeList>
</nodeList>
