<?xml version="1.0" encoding="utf-8"?>
<nodeList xmlns:its="http://www.w3.org/2005/11/its"
          xmlns:datc="http://example.com/datacats">
   <nodeList datacat="languageinformation">
      <node path="/text" outputType="new-value-global">
         <output>
            <langPointer language="en"/>
         </output>
      </node>
      <node path="/text/@language" outputType="inherited">
         <output>
            <langPointer language="en"/>
         </output>
      </node>
      <node path="/text/head[1]" outputType="new-value-global">
         <output>
            <langPointer/>
         </output>
      </node>
      <node path="/text/head[1]/its:rules[1]" outputType="new-value-global">
         <output>
            <langPointer/>
         </output>
      </node>
      <node path="/text/head[1]/its:rules[1]/@version" outputType="inherited">
         <output>
            <langPointer/>
         </output>
      </node>
      <node path="/text/head[1]/its:rules[1]/its:langRule[1]"
            outputType="new-value-global">
         <output>
            <langPointer/>
         </output>
      </node>
      <node path="/text/head[1]/its:rules[1]/its:langRule[1]/@selector"
            outputType="inherited">
         <output>
            <langPointer/>
         </output>
      </node>
      <node path="/text/head[1]/its:rules[1]/its:langRule[1]/@langPointer"
            outputType="inherited">
         <output>
            <langPointer/>
         </output>
      </node>
      <node path="/text/content[1]" outputType="new-value-global">
         <output>
            <langPointer/>
         </output>
      </node>
      <node path="/text/content[1]/par[1]" outputType="new-value-global">
         <output>
            <langPointer/>
         </output>
      </node>
      <node path="/text/content[1]/par[1]/q[1]" outputType="new-value-global">
         <output>
            <langPointer language="fr-CA"/>
         </output>
      </node>
      <node path="/text/content[1]/par[1]/q[1]/@language" outputType="inherited">
         <output>
            <langPointer language="fr-CA"/>
         </output>
      </node>
      <node path="/text/content[1]/par[2]" outputType="new-value-global">
         <output>
            <langPointer/>
         </output>
      </node>
      <node path="/text/content[1]/par[2]/q[1]" outputType="new-value-global">
         <output>
            <langPointer language="la"/>
         </output>
      </node>
      <node path="/text/content[1]/par[2]/q[1]/@language" outputType="inherited">
         <output>
            <langPointer language="la"/>
         </output>
      </node>
   </nodeList>
</nodeList>
