<?xml version="1.0" encoding="utf-8"?>
<nodeList xmlns:its="http://www.w3.org/2005/11/its"
          xmlns:datc="http://example.com/datacats">
   <nodeList datacat="languageinformation">
      <node path="/text" outputType="new-value-global">
         <output>
            <langPointer language="en"/>
         </output>
      </node>
      <node path="/text/@language" outputType="inherited">
         <output>
            <langPointer language="en"/>
         </output>
      </node>
      <node path="/text/head[1]" outputType="inherited">
         <output>
            <langPointer language="en"/>
         </output>
      </node>
      <node path="/text/head[1]/its:rules[1]" outputType="inherited">
         <output>
            <langPointer language="en"/>
         </output>
      </node>
      <node path="/text/head[1]/its:rules[1]/@version" outputType="inherited">
         <output>
            <langPointer language="en"/>
         </output>
      </node>
      <node path="/text/head[1]/its:rules[1]/@xlink:type" outputType="inherited">
         <output>
            <langPointer language="en"/>
         </output>
      </node>
      <node path="/text/head[1]/its:rules[1]/@xlink:href" outputType="inherited">
         <output>
            <langPointer language="en"/>
         </output>
      </node>
      <node path="/text/head[1]/its:rules[1]/its:langRule[1]"
            outputType="inherited">
         <output>
            <langPointer language="en"/>
         </output>
      </node>
      <node path="/text/head[1]/its:rules[1]/its:langRule[1]/@selector"
            outputType="inherited">
         <output>
            <langPointer language="en"/>
         </output>
      </node>
      <node path="/text/head[1]/its:rules[1]/its:langRule[1]/@langPointer"
            outputType="inherited">
         <output>
            <langPointer language="en"/>
         </output>
      </node>
      <node path="/text/content[1]" outputType="inherited">
         <output>
            <langPointer language="en"/>
         </output>
      </node>
      <node path="/text/content[1]/item[1]" outputType="inherited">
         <output>
            <langPointer language="en"/>
         </output>
      </node>
      <node path="/text/content[1]/item[1]/lang[1]" outputType="inherited">
         <output>
            <langPointer language="en"/>
         </output>
      </node>
      <node path="/text/content[1]/item[1]/text[1]" outputType="new-value-global">
         <output xmlns:xlink="http://www.w3.org/1999/xlink">
            <langPointer>
               <lang>en</lang>
            </langPointer>
         </output>
      </node>
      <node path="/text/content[1]/item[1]/text[1]/q[1]" outputType="inherited">
         <output xmlns:xlink="http://www.w3.org/1999/xlink">
            <langPointer>
               <lang>en</lang>
            </langPointer>
         </output>
      </node>
      <node path="/text/content[1]/item[1]/text[1]/q[1]/@language"
            outputType="inherited">
         <output xmlns:xlink="http://www.w3.org/1999/xlink">
            <langPointer>
               <lang>en</lang>
            </langPointer>
         </output>
      </node>
      <node path="/text/content[1]/item[2]" outputType="inherited">
         <output>
            <langPointer language="en"/>
         </output>
      </node>
      <node path="/text/content[1]/item[2]/lang[1]" outputType="inherited">
         <output>
            <langPointer language="en"/>
         </output>
      </node>
      <node path="/text/content[1]/item[2]/text[1]" outputType="new-value-global">
         <output xmlns:xlink="http://www.w3.org/1999/xlink">
            <langPointer>
               <lang>fr-CA</lang>
            </langPointer>
         </output>
      </node>
      <node path="/text/content[1]/item[2]/text[1]/q[1]" outputType="inherited">
         <output xmlns:xlink="http://www.w3.org/1999/xlink">
            <langPointer>
               <lang>fr-CA</lang>
            </langPointer>
         </output>
      </node>
   </nodeList>
</nodeList>
