<?xml version="1.0" encoding="utf-8"?>
<nodeList xmlns:its="http://www.w3.org/2005/11/its"
          xmlns:datc="http://example.com/datacats">
   <nodeList datacat="localizationnote">
      <node path="/html" outputType="default-value">
         <output/>
      </node>
      <node path="/html/head[1]" outputType="default-value">
         <output/>
      </node>
      <node path="/html/head[1]/title[1]" outputType="default-value">
         <output/>
      </node>
      <node path="/html/head[1]/link[1]" outputType="default-value">
         <output/>
      </node>
      <node path="/html/head[1]/link[1]/@href" outputType="default-value">
         <output/>
      </node>
      <node path="/html/head[1]/link[1]/@rel" outputType="default-value">
         <output/>
      </node>
      <node path="/html/body[1]" outputType="default-value">
         <output/>
      </node>
      <node path="/html/body[1]/section[1]" outputType="default-value">
         <output/>
      </node>
      <node path="/html/body[1]/section[1]/@id" outputType="default-value">
         <output/>
      </node>
      <node path="/html/body[1]/section[1]/p[1]" outputType="default-value">
         <output/>
      </node>
      <node path="/html/body[1]/section[1]/span[1]" outputType="new-value-global">
         <output locNoteType="description">
            <locNotePointer>
               <p>
Indicates that the resource file {0} could not be loaded.
</p>
            </locNotePointer>
         </output>
      </node>
      <node path="/html/body[1]/section[2]" outputType="default-value">
         <output/>
      </node>
      <node path="/html/body[1]/section[2]/@id" outputType="default-value">
         <output/>
      </node>
      <node path="/html/body[1]/section[2]/p[1]" outputType="default-value">
         <output/>
      </node>
      <node path="/html/body[1]/section[2]/span[1]" outputType="new-value-global">
         <output locNoteType="description">
            <locNotePointer>
               <p>A division by 0 was going to be computed.</p>
            </locNotePointer>
         </output>
      </node>
   </nodeList>
</nodeList>
