<?xml version="1.0" encoding="utf-8"?>
<nodeList xmlns:its="http://www.w3.org/2005/11/its"
          xmlns:datc="http://example.com/datacats">
   <nodeList datacat="localizationnote">
      <node path="/html" outputType="default-value">
         <output/>
      </node>
      <node path="/html/head[1]" outputType="default-value">
         <output/>
      </node>
      <node path="/html/head[1]/link[1]" outputType="default-value">
         <output/>
      </node>
      <node path="/html/head[1]/link[1]/@href" outputType="default-value">
         <output/>
      </node>
      <node path="/html/head[1]/link[1]/@rel" outputType="default-value">
         <output/>
      </node>
      <node path="/html/head[1]/title[1]" outputType="default-value">
         <output/>
      </node>
      <node path="/html/body[1]" outputType="default-value">
         <output/>
      </node>
      <node path="/html/body[1]/p[1]" outputType="default-value">
         <output/>
      </node>
      <node path="/html/body[1]/p[1]/@id" outputType="default-value">
         <output/>
      </node>
      <node path="/html/body[1]/p[1]/img[1]" outputType="default-value">
         <output/>
      </node>
      <node path="/html/body[1]/p[1]/img[1]/@src" outputType="default-value">
         <output/>
      </node>
      <node path="/html/body[1]/p[1]/img[1]/@alt" outputType="new-value-global">
         <output locNoteType="alert">
            <its:locNote>Do not translate the word "Chobe"</its:locNote>
         </output>
      </node>
      <node path="/html/body[1]/p[2]" outputType="default-value">
         <output/>
      </node>
      <node path="/html/body[1]/p[2]/@id" outputType="default-value">
         <output/>
      </node>
      <node path="/html/body[1]/p[2]/img[1]" outputType="default-value">
         <output/>
      </node>
      <node path="/html/body[1]/p[2]/img[1]/@src" outputType="default-value">
         <output/>
      </node>
      <node path="/html/body[1]/p[2]/img[1]/@alt" outputType="new-value-global">
         <output locNoteType="description">
            <its:locNote>This text will be displayed over the image.</its:locNote>
         </output>
      </node>
      <node path="/html/body[1]/p[3]" outputType="new-value-global">
         <output locNoteType="alert">
            <its:locNote>
The variable
<code>{0}</code>
has three possible values: 'printer', 'stacker' and 'stapler options'.
</its:locNote>
         </output>
      </node>
      <node path="/html/body[1]/p[3]/@id" outputType="default-value">
         <output/>
      </node>
   </nodeList>
</nodeList>
