<?xml version="1.0" encoding="utf-8"?>
<nodeList xmlns:its="http://www.w3.org/2005/11/its"
          xmlns:datc="http://example.com/datacats">
   <nodeList datacat="localizationnote">
      <node path="/html" outputType="default-value">
         <output/>
      </node>
      <node path="/html/@lang" outputType="default-value">
         <output/>
      </node>
      <node path="/html/head[1]" outputType="default-value">
         <output/>
      </node>
      <node path="/html/head[1]/meta[1]" outputType="default-value">
         <output/>
      </node>
      <node path="/html/head[1]/meta[1]/@charset" outputType="default-value">
         <output/>
      </node>
      <node path="/html/head[1]/link[1]" outputType="default-value">
         <output/>
      </node>
      <node path="/html/head[1]/link[1]/@href" outputType="default-value">
         <output/>
      </node>
      <node path="/html/head[1]/link[1]/@rel" outputType="default-value">
         <output/>
      </node>
      <node path="/html/head[1]/title[1]" outputType="default-value">
         <output/>
      </node>
      <node path="/html/body[1]" outputType="default-value">
         <output/>
      </node>
      <node path="/html/body[1]/p[1]" outputType="default-value">
         <output/>
      </node>
      <node path="/html/body[1]/p[1]/span[1]" outputType="new-value-local">
         <output>
            <locNoteRefPointer>
               <span its-loc-note="Check with terminology engineer"
                     its-loc-note-type="alert">motherboard</span>
            </locNoteRefPointer>
         </output>
      </node>
      <node path="/html/body[1]/p[1]/span[1]/@its-loc-note"
            outputType="default-value">
         <output/>
      </node>
      <node path="/html/body[1]/p[1]/span[1]/@its-loc-note-type"
            outputType="default-value">
         <output/>
      </node>
   </nodeList>
</nodeList>
